title,link,image,lprice,hprice,mallName,productId,productType,brand,maker,category1,category2,category3,category4
[기본인쇄포함] 티셔츠 제작 단체티 <b>반팔</b>티 로고 문구 인쇄 자수 나염 면 메쉬 3종,https://smartstore.naver.com/main/products/9535985038,https://shopping-phinf.pstatic.net/main_8708048/87080487308.13.jpg,10900,,티공사서울,87080487308,2,,,패션의류,남성의류,티셔츠,
남자 <b>반팔</b>티 면 두꺼운 티셔츠 레이어드 이너 <b>반팔</b>티 무지티,https://smartstore.naver.com/main/products/8895650421,https://shopping-phinf.pstatic.net/main_8644015/86440150744.4.jpg,7900,,디스미스 DISMISS,86440150744,2,,,패션의류,남성의류,티셔츠,
30수 <b>반팔</b> 5장 남자 여자 레이어드 이너 <b>반팔</b> 면티 티셔츠 기본 무지 순면 학생 라운드,https://smartstore.naver.com/main/products/11858868204,https://shopping-phinf.pstatic.net/main_8940337/89403378798.8.jpg,25900,,와우코지,89403378798,2,,,패션의류,남성의류,티셔츠,
고탄력 남자 <b>반팔</b>티 머슬핏 남성 면 스판 브이넥 무지 <b>반팔</b> 헬스 V넥 티셔츠,https://smartstore.naver.com/main/products/4329513030,https://shopping-phinf.pstatic.net/main_8187403/81874034963.2.jpg,9900,,스타토리,81874034963,2,,,패션의류,남성의류,티셔츠,
로카티 로카<b>반팔</b>(국산) 긴팔 정품 쿨론 PX 코리아아미 컴뱃티셔츠,https://smartstore.naver.com/main/products/6195671944,https://shopping-phinf.pstatic.net/main_8374017/83740171521.27.jpg,9900,,군인용품D.C백화점,83740171521,2,,,패션의류,남성의류,티셔츠,
[인쇄비포함] 티셔츠 제작 단체티 주문 <b>반팔</b>티 소량 프린팅 커스텀 인쇄,https://smartstore.naver.com/main/products/6352971217,https://shopping-phinf.pstatic.net/main_8389747/83897471539.8.jpg,10900,,개봉상회,83897471539,2,프린트스타,,패션의류,남성의류,티셔츠,
빅사이즈 <b>반팔</b>티 오버핏 티셔츠 무지 기능성 여름 쿨론티 4XL 5XL 6XL 7XL 8XL,https://smartstore.naver.com/main/products/10302091566,https://shopping-phinf.pstatic.net/main_8784659/87846595580.2.jpg,9800,,라라이츄,87846595580,2,,,패션의류,남성의류,티셔츠,
남자 머슬핏<b>반팔</b> 남성 <b>반팔</b> 티셔츠 흰티,https://smartstore.naver.com/main/products/5512656304,https://shopping-phinf.pstatic.net/main_8305715/83057151762.3.jpg,14900,,리펙트,83057151762,2,,,패션의류,남성의류,티셔츠,
남자<b>반팔</b>티 기능성 쿨 심리스 이너 런닝 티셔츠 에어리즘 남성 <b>반팔</b> 쿨링 아이스 무지 V넥,https://smartstore.naver.com/main/products/5501237513,https://shopping-phinf.pstatic.net/main_8304573/83045732764.jpg,5500,,어글리보이,83045732764,2,,,패션의류,남성의류,티셔츠,
[기본인쇄포함] 카라 티셔츠 주문 제작 단체티 쿨론 기능성 <b>반팔</b> 소량 유니폼 커스텀,https://smartstore.naver.com/main/products/5268230425,https://shopping-phinf.pstatic.net/main_8281275/82812753138.9.jpg,10900,,티싸요,82812753138,2,유니렉스,,패션의류,남성의류,티셔츠,
지오다노 <b>반팔</b>티 무지티 3팩 이너 남자 티셔츠 흰색면티 레이어드 243801,https://shopping.naver.com/outlink/itemdetail/9905459287,https://shopping-phinf.pstatic.net/main_8744996/87449961560.9.jpg,23970,,지오다노,87449961560,2,지오다노,지오다노,패션의류,남성의류,티셔츠,
로카티 ROKA 쿨론 <b>반팔</b> 긴팔 PX 군인 군용 반티 단체티,https://smartstore.naver.com/main/products/4843480453,https://shopping-phinf.pstatic.net/main_8238800/82388003607.10.jpg,7900,,군인로카ROKA,82388003607,2,,,패션의류,남성의류,티셔츠,
남자<b>반팔</b>티 무지 쿨 기능성 쿨링 냉감 V넥 이너 남성 에어리즘 메쉬 <b>반팔</b> 티셔츠,https://smartstore.naver.com/main/products/8404953664,https://shopping-phinf.pstatic.net/main_8594945/85949453987.6.jpg,4900,,이너나라,85949453987,2,,,패션의류,남성의류,티셔츠,
무지 남자<b>반팔</b>티 면티 흰색티셔츠 레이어드 이너 흰티 30수 20수,https://smartstore.naver.com/main/products/2008406063,https://shopping-phinf.pstatic.net/main_1276862/12768628121.24.jpg,3800,,소이샵,12768628121,2,,,패션의류,남성의류,티셔츠,
[인쇄비포함] 기능성 쿨 티셔츠 주문 제작 단체티 <b>반팔</b>티 소량 프린팅 커스텀 인쇄,https://smartstore.naver.com/main/products/9988466034,https://shopping-phinf.pstatic.net/main_8753296/87532968307.6.jpg,10900,,개봉상회,87532968307,2,,,패션의류,남성의류,티셔츠,
무지 티셔츠 <b>반팔</b> 긴팔 흰티 면티 레이어드 흰색,https://smartstore.naver.com/main/products/477282453,https://shopping-phinf.pstatic.net/main_1266491/12664919543.28.jpg,4200,,NanDe,12664919543,2,NanDe,,패션의류,남성의류,티셔츠,
프린트스타 <b>반팔</b>티 무지 티셔츠 17수,https://smartstore.naver.com/main/products/7074444453,https://shopping-phinf.pstatic.net/main_8461894/84618944775.6.jpg,7900,,클로프,84618944775,2,프린트스타,프린트스타,패션의류,남성의류,티셔츠,
기능성 티셔츠 주문 제작 인쇄비포함 글리머 쿨티 쿨론 단체티 커스텀 운동복 체육복 로고,https://smartstore.naver.com/main/products/11614846867,https://shopping-phinf.pstatic.net/main_8915935/89159357273.4.jpg,10900,,올은샵,89159357273,2,글리머,,패션의류,남성의류,티셔츠,
[왼가슴 기본인쇄] 단체티 주문제작 카라티 제작 티셔츠 로고 문구 인쇄 나염 자수,https://smartstore.naver.com/main/products/9380376415,https://shopping-phinf.pstatic.net/main_8692487/86924876738.7.jpg,12900,,티공사서울,86924876738,2,,,패션의류,남성의류,티셔츠,
남자 오버핏 박스 <b>반팔</b> 여름 티셔츠 빅사이즈 <b>반팔</b>티,https://smartstore.naver.com/main/products/4502556456,https://shopping-phinf.pstatic.net/main_8204707/82047079376.13.jpg,22800,,에프오유,82047079376,2,,,패션의류,남성의류,티셔츠,
기능성 <b>반팔</b> 티셔츠 냉감 쿨링 스포츠 오버핏 머슬핏 헬스 트레이닝 운동티,https://smartstore.naver.com/main/products/11648993634,https://shopping-phinf.pstatic.net/main_8919350/89193504100.1.jpg,6800,,GRESH,89193504100,2,,,패션의류,남성의류,티셔츠,
기능성 티셔츠 쿨 <b>반팔</b>티 드라이 메쉬 운동 얇은 긴팔 <b>반팔</b> 쿨론 빅사이즈,https://smartstore.naver.com/main/products/5615205163,https://shopping-phinf.pstatic.net/main_8315970/83159701678.7.jpg,6900,,그로우즈,83159701678,2,,,패션의류,남성의류,티셔츠,
남자 오버핏 <b>반팔</b> 빅 사이즈 프린팅 면 티셔츠 커플,https://smartstore.naver.com/main/products/6967462006,https://shopping-phinf.pstatic.net/main_8451196/84511962328.1.jpg,19900,,마이클로드,84511962328,2,,,패션의류,남성의류,티셔츠,
로카티 ROKA <b>반팔</b> 긴팔 군인 군대 PX 티셔츠,https://smartstore.naver.com/main/products/3299224389,https://shopping-phinf.pstatic.net/main_8079696/80796964393.5.jpg,8500,,꾸나와곰신,80796964393,2,,,패션의류,남성의류,티셔츠,
남자 <b>반팔</b>티 20수 에센셜 레이어드 흰티 남녀공용,https://smartstore.naver.com/main/products/8425054622,https://shopping-phinf.pstatic.net/main_8596955/85969554945.2.jpg,9800,,사막여우스토어,85969554945,2,사막여우,사막여우,패션의류,남성의류,티셔츠,
유나이티드애슬 UNISEX 면100 유나이티드 애슬 5001 무지 <b>반팔</b> 티셔츠 라이트그레이,https://search.shopping.naver.com/catalog/57781548845,https://shopping-phinf.pstatic.net/main_5778154/57781548845.20251116051110.jpg,11450,,네이버,57781548845,1,유나이티드애슬,,패션의류,남성의류,티셔츠,
[기본인쇄포함] 티셔츠 주문 제작 라운드 <b>반팔</b> 단체티 소량 커스텀 인쇄 프린팅 30수,https://smartstore.naver.com/main/products/5108547816,https://shopping-phinf.pstatic.net/main_8265306/82653069862.19.jpg,7900,,티싸요,82653069862,2,유니렉스,제이와이컴퍼니,패션의류,남성의류,티셔츠,
남자<b>반팔</b>티 폴햄 3+1팩 흰티 무지티 이너티 레이어드 (ph),https://shopping.naver.com/outlink/itemdetail/10848894522,https://shopping-phinf.pstatic.net/main_8839340/88393400535.3.jpg,19900,,폴햄,88393400535,2,폴햄,에이션패션,패션의류,남성의류,티셔츠,
글리머 <b>반팔</b>티 라이트 기능성 티셔츠,https://smartstore.naver.com/main/products/8268381190,https://shopping-phinf.pstatic.net/main_8581288/85812881513.5.jpg,6900,,클로프,85812881513,2,글리머,프린트스타,패션의류,남성의류,티셔츠,
[인쇄비포함] 카라 티셔츠 제작 단체티 주문 <b>반팔</b>티 소량 인쇄 커스텀 프린팅,https://smartstore.naver.com/main/products/11045079398,https://shopping-phinf.pstatic.net/main_8858958/88589585609.4.jpg,12900,,개봉상회,88589585609,2,,,패션의류,남성의류,티셔츠,
남자 머슬핏 <b>반팔</b> 어깨넓어보이는 무지 티셔츠,https://smartstore.naver.com/main/products/4819525556,https://shopping-phinf.pstatic.net/main_8236404/82364048314.14.jpg,24900,,핵쿨남,82364048314,2,핵쿨남,,패션의류,남성의류,티셔츠,
남자 머슬핏<b>반팔</b> 유넥 헬스오버핏 <b>반팔</b> 티셔츠 빅사이즈,https://smartstore.naver.com/main/products/5815203688,https://shopping-phinf.pstatic.net/main_8335970/83359703102.10.jpg,14900,,리펙트,83359703102,2,,,패션의류,남성의류,티셔츠,
마인드브릿지 <b>반팔</b> 라운드 면티 3팩 MATS0101,https://search.shopping.naver.com/catalog/54893674666,https://shopping-phinf.pstatic.net/main_5489367/54893674666.20250521152323.jpg,17900,,네이버,54893674666,1,마인드브릿지,티비에이치글로벌,패션의류,남성의류,티셔츠,
비스트모드 스튜디오 헬스 오버핏 <b>반팔</b> 기능성 쿨링 스판 티셔츠 짐웨어 BSMD,https://smartstore.naver.com/main/products/8166730291,https://shopping-phinf.pstatic.net/main_8571123/85711230614.5.jpg,29900,,비스트모드,85711230614,2,비스트모드,,패션의류,남성의류,티셔츠,
라운드 면 <b>반팔</b>티 무지 라운드 흰티 11종,https://smartstore.naver.com/main/products/12215950156,https://shopping-phinf.pstatic.net/main_8976046/89760460861.jpg,4800,,OYC,89760460861,2,,,패션의류,남성의류,티셔츠,
유니클로 에어리즘 AiRism 메쉬 크루넥 코튼 <b>반팔</b> 티셔츠 기능성 가벼운 이너티,https://smartstore.naver.com/main/products/11457907820,https://shopping-phinf.pstatic.net/main_8900241/89002418185.1.jpg,18900,,BSC 스토어,89002418185,2,유니클로,유니클로,패션의류,남성의류,티셔츠,
BYC 순면 라운드 기본 면티 무지 <b>반팔</b>티 흰티 이너 빅사이즈,https://smartstore.naver.com/main/products/5008402094,https://shopping-phinf.pstatic.net/main_8255292/82552922761.4.jpg,5600,,할렐루야BYC,82552922761,2,BYC,BYC,패션의류,남성의류,티셔츠,
우정 여행 티셔츠 주문 제작 17수 단체티 소량 커스텀 공주 사진 프린팅,https://smartstore.naver.com/main/products/11473476394,https://shopping-phinf.pstatic.net/main_8901798/89017986759.1.jpg,15900,,아이머그컵,89017986759,2,,,패션의류,남성의류,티셔츠,
탑텐 코튼 베이직 <b>반팔</b> 티 MSF5TS3001,https://search.shopping.naver.com/catalog/49701246337,https://shopping-phinf.pstatic.net/main_4970124/49701246337.20251023081240.jpg,19900,,네이버,49701246337,1,탑텐,탑텐,패션의류,남성의류,티셔츠,
남자<b>반팔</b>티 오버핏 쿨티셔츠 쿨링 쿨론 냉감 아이스 여름 안비치는 커플,https://smartstore.naver.com/main/products/6586238409,https://shopping-phinf.pstatic.net/main_8413073/84130738731.3.jpg,27900,,마이클로드,84130738731,2,,,패션의류,남성의류,티셔츠,
나이키 <b>반팔</b>티 드라이핏 기능성 쿨 <b>반팔</b> 티셔츠,https://smartstore.naver.com/main/products/5648952444,https://shopping-phinf.pstatic.net/main_8319344/83193449689.82.jpg,21900,,스니커오프,83193449689,2,나이키,나이키,패션의류,남성의류,티셔츠,
베이직하우스 면 3팩 라운드 무지 <b>반팔</b> 티셔츠 시리즈,https://smartstore.naver.com/main/products/8521143352,https://shopping-phinf.pstatic.net/main_8606564/86065643675.13.jpg,17900,,BASIC HOUSE,86065643675,2,베이직하우스,티비에이치글로벌,패션의류,남성의류,티셔츠,
남자 나시 심리스 에어리즘 쿨 머슬핏 V넥 기능성 남성 민소매 <b>반팔</b> 무지 냉감 아이스,https://smartstore.naver.com/main/products/8556943791,https://shopping-phinf.pstatic.net/main_8610144/86101444114.1.jpg,4900,,쇼핑여왕,86101444114,2,,,패션의류,남성의류,티셔츠,
비스트모드 럭비져지 헬스 짐웨어 오버핏 티셔츠 메쉬 <b>반팔</b>티 BSMD,https://smartstore.naver.com/main/products/11668850823,https://shopping-phinf.pstatic.net/main_8921336/89213361290.6.jpg,39900,,비스트모드,89213361290,2,비스트모드,,패션의류,남성의류,티셔츠,
단체티 주문제작 <b>반팔</b> 폴로 카라티 긴팔 후드 맨투맨 프린팅 티셔츠 커스텀 소량 인쇄,https://smartstore.naver.com/main/products/10645297713,https://shopping-phinf.pstatic.net/main_8818980/88189803611.6.jpg,9900,,티 조아,88189803611,2,,,패션의류,남성의류,티셔츠,
언더아머 테크 2.0 <b>반팔</b> 1326413,https://search.shopping.naver.com/catalog/58429885787,https://shopping-phinf.pstatic.net/main_5842988/58429885787.20260108160928.jpg,20785,,네이버,58429885787,1,언더아머,언더아머,패션의류,남성의류,티셔츠,
A 헤비코튼 티셔츠 - 어깨넓어보이는 16수 두꺼운 짱짱한 체형보완 세미 오버핏 <b>반팔</b>,https://smartstore.naver.com/main/products/5739235106,https://shopping-phinf.pstatic.net/main_8328373/83283734054.6.jpg,19900,,자바나스,83283734054,2,자바나스,,패션의류,남성의류,티셔츠,
1+1 남자 긴팔티 레이어드 티셔츠 겨울 구김없는 오버핏 분또 오버핏 <b>반팔</b>티 빅사이즈,https://smartstore.naver.com/main/products/4555775951,https://shopping-phinf.pstatic.net/main_8210029/82100296003.25.jpg,32800,,이브클로젯,82100296003,2,,,패션의류,남성의류,티셔츠,
남녀공용 30수 20수 고밀도 면 100% 코마사 무지 라운드 <b>반팔</b> 티셔츠 단체티,https://smartstore.naver.com/main/products/10609919560,https://shopping-phinf.pstatic.net/main_8815442/88154425150.2.jpg,5000,,동갑패밀리,88154425150,2,,,패션의류,남성의류,티셔츠,
자바나스 익스트림 USA 코튼 <b>반팔</b> 티셔츠,https://search.shopping.naver.com/catalog/54118558048,https://shopping-phinf.pstatic.net/main_5411855/54118558048.20250823003146.jpg,21900,,네이버,54118558048,1,자바나스,,패션의류,남성의류,티셔츠,
프린트스타 14수 17수 20수 32수 무지 <b>반팔</b> 티셔츠,https://smartstore.naver.com/main/products/8629679308,https://shopping-phinf.pstatic.net/main_8617417/86174179631.1.jpg,5900,,룩카이브,86174179631,2,프린트스타,프린트스타,패션의류,남성의류,티셔츠,
트리플에이 <b>반팔</b>티 무지티 레이어드 티셔츠,https://smartstore.naver.com/main/products/4874130422,https://shopping-phinf.pstatic.net/main_8241865/82418653882.8.jpg,4900,,킬미타이거,82418653882,2,트리플에이,,패션의류,남성의류,티셔츠,
티셔츠 제작 단체티 주문 <b>반팔</b> 소량 커스텀 프린팅 17수 인쇄 포함,https://smartstore.naver.com/main/products/9450238329,https://shopping-phinf.pstatic.net/main_8699473/86994738652.12.jpg,9900,,아이머그컵,86994738652,2,프린트스타,,패션의류,남성의류,티셔츠,
남자 오버핏 <b>반팔</b>티 비침없는 흰티 고급 분또 쿨텐션 두꺼운 레이어드 정장티셔츠 자체제작,https://smartstore.naver.com/main/products/11439492339,https://shopping-phinf.pstatic.net/main_8898400/88984002703.1.jpg,16900,,해시노멀,88984002703,2,,,패션의류,남성의류,티셔츠,
커클랜드 티셔츠 <b>반팔</b> 면티 흰색 6매 코스트코 남자 무지 이너 레이어드 흰 티 박스 오버핏,https://smartstore.naver.com/main/products/9190006704,https://shopping-phinf.pstatic.net/main_8673450/86734507027.jpg,33900,,티에스shop,86734507027,2,커클랜드,,패션의류,남성의류,티셔츠,
챔피온 <b>반팔</b>티 무지티,https://smartstore.naver.com/main/products/658401343,https://shopping-phinf.pstatic.net/main_1107010/11070101347.3.jpg,5000,,180STORE,11070101347,2,챔피온,챔피온,패션의류,남성의류,티셔츠,
(매장판) 나이키 <b>반팔</b>티 기능성 드라이핏 <b>반팔</b> 티셔츠,https://smartstore.naver.com/main/products/7113535619,https://shopping-phinf.pstatic.net/main_8465803/84658035941.19.jpg,21900,,웨이업,84658035941,2,나이키,나이키,패션의류,남성의류,티셔츠,
남자<b>반팔</b>티 냉감 아이스 분또면 기능성 쿨티셔츠 쿨링 쿨론,https://smartstore.naver.com/main/products/11612093034,https://shopping-phinf.pstatic.net/main_8915660/89156603440.4.jpg,21900,,마이클로드,89156603440,2,,,패션의류,남성의류,티셔츠,
로카티 국산 <b>반팔</b> 긴팔 주문제작 ROKA 군대 반티 가족 단체 티셔츠 후리스,https://smartstore.naver.com/main/products/5495612358,https://shopping-phinf.pstatic.net/main_8304010/83040107514.20.jpg,8500,,다모아생활,83040107514,2,,,패션의류,남성의류,티셔츠,
LAINE<b>반팔</b> 두꺼운<b>반팔</b>티 남자 레이어드 10수 수피마 여름 오버핏 비침없는 안비치는흰티,https://smartstore.naver.com/main/products/6858220679,https://shopping-phinf.pstatic.net/main_8440272/84402721001.5.jpg,19900,,포앤유,84402721001,2,레인,레인,패션의류,남성의류,티셔츠,
로카티 ROKA KOREA ARMY <b>반팔</b> 밀리터리 군인 군대 강철부대 반티 PX 티셔츠,https://smartstore.naver.com/main/products/11573657397,https://shopping-phinf.pstatic.net/main_8911816/89118167803.1.jpg,5900,,가이란,89118167803,2,,,패션의류,남성의류,티셔츠,
씨움 로카티 ROKA <b>반팔</b> 국산 코리아아미 기능성 라운드넥 티셔츠,https://smartstore.naver.com/main/products/12989162850,https://shopping-phinf.pstatic.net/main_9053367/90533673942.jpg,13900,,씨움,90533673942,2,,,패션의류,남성의류,티셔츠,
허그본 오리지널 1+1+1 무지 머슬핏 <b>반팔</b> 12컬러,https://search.shopping.naver.com/catalog/46455584371,https://shopping-phinf.pstatic.net/main_4645558/46455584371.20250822234530.jpg,47250,,네이버,46455584371,1,허그본,,패션의류,남성의류,티셔츠,
스파오 심리스 브이넥 <b>반팔</b>티 SPMRFA9A11,https://search.shopping.naver.com/catalog/55627543628,https://shopping-phinf.pstatic.net/main_5562754/55627543628.20260202152533.jpg,7110,,네이버,55627543628,1,스파오,이랜드,패션의류,남성의류,티셔츠,
[기본인쇄포함] 쿨론 티셔츠 주문 제작 기능성 라운드 소량 커스텀 단체티 인쇄 프린팅,https://smartstore.naver.com/main/products/5279376356,https://shopping-phinf.pstatic.net/main_8282386/82823868349.9.jpg,8900,,티싸요,82823868349,2,유니렉스,,패션의류,남성의류,티셔츠,
폴로 카라 티셔츠 긴팔 남자 라운드 커플 빅사이즈 무지티 <b>반팔</b> 폴로클럽,https://smartstore.naver.com/main/products/7222106596,https://shopping-phinf.pstatic.net/main_8476660/84766606918.6.jpg,35900,,마이폴 공식몰,84766606918,2,비버리힐즈폴로클럽,비버리힐즈폴로클럽,패션의류,남성의류,티셔츠,
폴햄 레이어드 <b>반팔</b>티 PHE5TR3788,https://search.shopping.naver.com/catalog/52924162513,https://shopping-phinf.pstatic.net/main_5292416/52924162513.20250401115525.jpg,5580,,네이버,52924162513,1,폴햄,에이션패션,패션의류,남성의류,티셔츠,
남자 <b>반팔</b>티 헨리넥 빅사이즈 남자 오버핏 긴팔 <b>반팔</b> 티셔츠,https://smartstore.naver.com/main/products/5541440381,https://shopping-phinf.pstatic.net/main_8308593/83085936072.36.jpg,18500,,션타운,83085936072,2,,,패션의류,남성의류,티셔츠,
베이직하우스 라운드 <b>반팔</b>티셔츠 LATS0125,https://search.shopping.naver.com/catalog/56294883808,https://shopping-phinf.pstatic.net/main_5629488/56294883808.20251017190709.jpg,28900,,네이버,56294883808,1,베이직하우스,티비에이치글로벌,패션의류,남성의류,티셔츠,
지오다노 크루넥 3PCS 패키지 243801,https://search.shopping.naver.com/catalog/7214098094,https://shopping-phinf.pstatic.net/main_7214098/7214098094.20250428162741.jpg,22320,,네이버,7214098094,1,지오다노,지오다노,패션의류,남성의류,티셔츠,
폴햄 <b>반팔</b>티 PHF5TR3666,https://search.shopping.naver.com/catalog/51123141892,https://shopping-phinf.pstatic.net/main_5112314/51123141892.20241231164258.jpg,16640,,네이버,51123141892,1,폴햄,,패션의류,남성의류,티셔츠,
지오다노 슈퍼적립 기본 무지 <b>반팔</b>티 3 in 4options 243801,https://search.shopping.naver.com/catalog/56631186895,https://shopping-phinf.pstatic.net/main_5663118/56631186895.20250907225829.jpg,24120,,네이버,56631186895,1,지오다노,지오다노,패션의류,남성의류,티셔츠,
지오다노 남성무지<b>반팔</b>티 지오다노3팩 흰색면티셔츠 레이어드이너티 243801,https://search.shopping.naver.com/catalog/58382456112,https://shopping-phinf.pstatic.net/main_5838245/58382456112.20260104183540.jpg,26800,,네이버,58382456112,1,지오다노,지오다노,패션의류,남성의류,티셔츠,
아미 하트 로고자수 <b>반팔</b> 티셔츠 UTS001,https://search.shopping.naver.com/catalog/53630917410,https://shopping-phinf.pstatic.net/main_5363091/53630917410.20250419195322.jpg,74900,,네이버,53630917410,1,아미,AMI,패션의류,남성의류,티셔츠,
챔피온 무지 로고 <b>반팔</b>티 T425,https://search.shopping.naver.com/catalog/49250964758,https://shopping-phinf.pstatic.net/main_4925096/49250964758.20250813123715.jpg,4900,,네이버,49250964758,1,챔피온,챔피온,패션의류,남성의류,티셔츠,
블랙몬스터핏 드라이 쿨론 기능성 무지 <b>반팔</b> 3장 세트,https://search.shopping.naver.com/catalog/55626928362,https://shopping-phinf.pstatic.net/main_5562692/55626928362.20250704112011.jpg,24900,,네이버,55626928362,1,블랙몬스터핏,비엠에프,패션의류,남성의류,티셔츠,
[10가지 컬러] 트리플에이 1301 S-XL 무지 <b>반팔</b>티 18수 USA핏,https://smartstore.naver.com/main/products/9670468031,https://shopping-phinf.pstatic.net/main_8721497/87214970301.6.jpg,5900,,트리플에이 공식스토어,87214970301,2,트리플에이,,패션의류,남성의류,티셔츠,
샤카웨어 7 5oz 맥스 헤비웨이트 <b>반팔</b>티,https://search.shopping.naver.com/catalog/55100900766,https://shopping-phinf.pstatic.net/main_5510090/55100900766.20250604104547.jpg,7200,,네이버,55100900766,1,샤카웨어,,패션의류,남성의류,티셔츠,
베이직하우스 면 3팩 무지 <b>반팔</b> 티셔츠 긴팔 라운드 교복,https://smartstore.naver.com/main/products/7938944899,https://shopping-phinf.pstatic.net/main_8548344/85483445222.10.jpg,15900,,BASIC HOUSE,85483445222,2,베이직하우스,티비에이치글로벌,패션의류,남성의류,티셔츠,
샤카웨어 맥스헤비웨이트 <b>반팔</b>티셔츠(7.5oz) 레이어드 무지티,https://smartstore.naver.com/main/products/5188980906,https://shopping-phinf.pstatic.net/main_8273350/82733502238.14.jpg,10900,,제이엠온라인스토어,82733502238,2,샤카웨어,,패션의류,남성의류,티셔츠,
나이키 <b>반팔</b> 티 기능성 남여공용 드라이핏 조던 오버핏,https://smartstore.naver.com/main/products/6692423854,https://shopping-phinf.pstatic.net/main_8423692/84236924176.14.jpg,19900,,하이투하이,84236924176,2,나이키,나이키,패션의류,남성의류,티셔츠,
트리플에이 <b>반팔</b>티 무지티 18수 20수 30수,https://smartstore.naver.com/main/products/480710643,https://shopping-phinf.pstatic.net/main_1028474/10284741026.6.jpg,4900,,재인쇼핑,10284741026,2,트리플에이,,패션의류,남성의류,티셔츠,
트리플에이 <b>반팔</b>티 무지 티셔츠 이너 1301,https://smartstore.naver.com/main/products/684863400,https://shopping-phinf.pstatic.net/main_1120012/11200124761.6.jpg,5900,,재인쇼핑,11200124761,2,트리플에이,,패션의류,남성의류,티셔츠,
쿨티셔츠 쿨티 냉감 쿨링 티셔츠 냉장고 아이스 기능성 <b>반팔</b> 긴팔,https://smartstore.naver.com/main/products/5490580518,https://shopping-phinf.pstatic.net/main_8303507/83035075578.2.jpg,4900,,뉴완,83035075578,2,쌈지,,패션의류,남성의류,티셔츠,
아이러브 티셔츠 20수 <b>반팔</b>티 단체 소량 커스텀 가족티 여행티 주문제작,https://smartstore.naver.com/main/products/11395086374,https://shopping-phinf.pstatic.net/main_8893959/88939596739.jpg,7400,,JSB SPORTS,88939596739,2,제이에스비,제이에스비,패션의류,남성의류,티셔츠,
데카트론 칼렌지 런드라이 남성 러닝 <b>반팔</b>티 166456,https://search.shopping.naver.com/catalog/58332562806,https://shopping-phinf.pstatic.net/main_5833256/58332562806.20260115150925.jpg,7900,,네이버,58332562806,1,데카트론,,패션의류,남성의류,티셔츠,
비스트모드 글로시 럭비져지 헬스 오버핏 <b>반팔</b> 메쉬 티셔츠 짐웨어 BSMD,https://smartstore.naver.com/main/products/11969320246,https://shopping-phinf.pstatic.net/main_8951383/89513830934.4.jpg,39900,,비스트모드,89513830934,2,비스트모드,,패션의류,남성의류,티셔츠,
"프린트스타 17수 무지티 베이직 라운드 <b>반팔</b> 티셔츠 XS-XXXL (남녀공용,빅사이즈)",https://smartstore.naver.com/main/products/4083412923,https://shopping-phinf.pstatic.net/main_8162793/81627933540.3.jpg,7900,,안즈65,81627933540,2,프린트스타,톰스,패션의류,남성의류,티셔츠,
싹싹김티,https://smartstore.naver.com/main/products/11232316473,https://shopping-phinf.pstatic.net/main_8877682/88776826804.4.jpg,22800,,싹싹김티,88776826804,2,,,패션의류,남성의류,티셔츠,
브론슨 논스탁 튜블러 남자 여름<b>반팔</b>티 COTTON 21수 무지 티셔츠,https://smartstore.naver.com/main/products/12012000593,https://shopping-phinf.pstatic.net/main_8955651/89556511284.1.jpg,24800,,안전요원,89556511284,2,브론슨,,패션의류,남성의류,티셔츠,
32수 무지 <b>반팔</b> 티셔츠 이너 흰티 면티 흰색 검정,https://smartstore.naver.com/main/products/2526162505,https://shopping-phinf.pstatic.net/main_8002390/80023906035.3.jpg,4900,,람블라,80023906035,2,람블라,,패션의류,남성의류,티셔츠,
(1+1) 칼하트 K87 포켓 <b>반팔</b> 티셔츠 15color,https://smartstore.naver.com/main/products/10103129356,https://shopping-phinf.pstatic.net/main_8764763/87647632126.2.jpg,53800,,칼하트 정품병행수입,87647632126,2,칼하트,칼하트,패션의류,남성의류,티셔츠,
1+1 남자7부티 오버핏 빅사이즈 커플 칠부 남자 <b>반팔</b>티,https://smartstore.naver.com/main/products/6849698869,https://shopping-phinf.pstatic.net/main_8439419/84394199191.9.jpg,29800,,션타운,84394199191,2,,,패션의류,남성의류,티셔츠,
커버낫 쿨코튼 2-PACK 베츠 기본 <b>반팔</b> 티셔츠,https://search.shopping.naver.com/catalog/31709924618,https://shopping-phinf.pstatic.net/main_3170992/31709924618.20240724144502.jpg,34300,,네이버,31709924618,1,커버낫,커버낫,패션의류,남성의류,티셔츠,
공용 순면 무지 <b>반팔</b>티셔츠3+1PACK PHD5TR,https://shopping.naver.com/outlink/itemdetail/10788344292,https://shopping-phinf.pstatic.net/main_8833285/88332850282.1.jpg,17430,,폴햄,88332850282,2,폴햄,에이션패션,패션의류,남성의류,티셔츠,
글리머 카라티 기능성 드라이 <b>반팔</b> 폴로티셔츠,https://smartstore.naver.com/main/products/8758751902,https://shopping-phinf.pstatic.net/main_8630325/86303252225.2.jpg,6900,,클로프,86303252225,2,글리머,프린트스타,패션의류,남성의류,티셔츠,
폴로 <b>반팔</b> 카라티 남자 PK 라운드 커플 무지 폴로클럽,https://smartstore.naver.com/main/products/6201722643,https://shopping-phinf.pstatic.net/main_8374622/83746222220.15.jpg,25900,,마이폴 공식몰,83746222220,2,비버리힐즈폴로클럽,비버리힐즈폴로클럽,패션의류,남성의류,티셔츠,
아미 하트 로고 폴로 티셔츠 BFUPL001 760,https://search.shopping.naver.com/catalog/32601437825,https://shopping-phinf.pstatic.net/main_3260143/32601437825.20250901100841.jpg,141096,,네이버,32601437825,1,아미,AMI,패션의류,남성의류,티셔츠,
-국산- 로카티 정품 <b>반팔</b> 긴팔 PX 군인 군용 반티 ROKA 100%국내제작,https://smartstore.naver.com/main/products/5422709017,https://shopping-phinf.pstatic.net/main_8296720/82967202837.3.jpg,10800,,꾸나보급상자,82967202837,2,,,패션의류,남성의류,티셔츠,
프로젝트엠 콜라보 쿨텐션 와펜 <b>반팔</b>티 EPF2TR3952,https://search.shopping.naver.com/catalog/53920564056,https://shopping-phinf.pstatic.net/main_5392056/53920564056.20250729151157.jpg,10790,,네이버,53920564056,1,프로젝트엠,에이션패션,패션의류,남성의류,티셔츠,
